"","Correlation"
"X350",0.369507659141716
"X351",0.362232335533346
"X352",0.390448145978859
"X353",0.410570150451394
"X354",0.417047561492156
"X355",0.419705922898436
"X356",0.454461849897656
"X357",0.411802143125453
"X358",0.365312197839406
"X359",0.388347283480724
"X360",0.409329054084821
"X361",0.414695558013317
"X362",0.414700945036083
"X363",0.426667545100455
"X364",0.425102957712775
"X365",0.404668691628469
"X366",0.379150735353623
"X367",0.400085374363131
"X368",0.416410179462181
"X369",0.413245267331856
"X370",0.395853588542076
"X371",0.400936348657512
"X372",0.40679096473157
"X373",0.407873875679227
"X374",0.419282780509385
"X375",0.412217179883047
"X376",0.406587233015461
"X377",0.415754143926466
"X378",0.405091390106788
"X379",0.396366352310061
"X380",0.393113919941035
"X381",0.38962791693892
"X382",0.391515759031437
"X383",0.392733984985459
"X384",0.389852227347999
"X385",0.385931546078624
"X386",0.394393483599633
"X387",0.398366876095627
"X388",0.383460686110985
"X389",0.390605127178843
"X390",0.394716109213152
"X391",0.390718865025943
"X392",0.392965475259526
"X393",0.381464651795544
"X394",0.371364126326479
"X395",0.374641703589723
"X396",0.382114603144375
"X397",0.378678676091332
"X398",0.370974116196138
"X399",0.373829259563512
"X400",0.381365066545696
"X401",0.382305155654964
"X402",0.376208062349743
"X403",0.377735166643767
"X404",0.377726251759393
"X405",0.375524026571955
"X406",0.372847747918077
"X407",0.370040904924003
"X408",0.366823407969141
"X409",0.365882712687824
"X410",0.371843741446324
"X411",0.377232686332692
"X412",0.377556249216236
"X413",0.372782519073288
"X414",0.369037978299314
"X415",0.374626108095366
"X416",0.38302006916751
"X417",0.383478294783926
"X418",0.381409021003391
"X419",0.380479926961109
"X420",0.381900665561025
"X421",0.384167070849338
"X422",0.391868210569845
"X423",0.398729520270511
"X424",0.399456448169206
"X425",0.400163355211223
"X426",0.401131280281563
"X427",0.40351699323056
"X428",0.408655650510427
"X429",0.413439490916508
"X430",0.418500403525746
"X431",0.423441249117111
"X432",0.42383496872323
"X433",0.428675896483971
"X434",0.43465080096959
"X435",0.435746612251804
"X436",0.438120969359992
"X437",0.441533031443362
"X438",0.444479219031173
"X439",0.444747824120885
"X440",0.447054990573172
"X441",0.450637439299108
"X442",0.453550714666516
"X443",0.454610567218794
"X444",0.455561846091889
"X445",0.457387512612441
"X446",0.460307639931052
"X447",0.463317370608254
"X448",0.465078926297696
"X449",0.465599942795456
"X450",0.467786924974793
"X451",0.468340636180302
"X452",0.468539825303773
"X453",0.470925136936251
"X454",0.472369146945181
"X455",0.473498836821289
"X456",0.47476332775463
"X457",0.475940141651546
"X458",0.476591952274162
"X459",0.477247352026598
"X460",0.478283225897072
"X461",0.478170553979045
"X462",0.478587632503182
"X463",0.47957947165901
"X464",0.479769960079833
"X465",0.480155303213882
"X466",0.480601725757646
"X467",0.48092672688477
"X468",0.481307125276338
"X469",0.481936551320265
"X470",0.482446441963581
"X471",0.482308258857681
"X472",0.482192705862557
"X473",0.482969312610905
"X474",0.484518548132726
"X475",0.485187451848725
"X476",0.485367250294366
"X477",0.485136961799175
"X478",0.484799279598498
"X479",0.485843137777373
"X480",0.486954016169255
"X481",0.487433290989407
"X482",0.487367210526804
"X483",0.487829162155715
"X484",0.488868238229854
"X485",0.489962476999101
"X486",0.489505917837567
"X487",0.489862696781634
"X488",0.491114398296218
"X489",0.49208145067207
"X490",0.493577995059396
"X491",0.494910922592163
"X492",0.495748735031513
"X493",0.496616501219126
"X494",0.498159161181364
"X495",0.500260153326257
"X496",0.502435221040901
"X497",0.50404089412027
"X498",0.505934514054004
"X499",0.508471236320258
"X500",0.511346680347853
"X501",0.513134451801882
"X502",0.515029520054045
"X503",0.518170244412616
"X504",0.521679388660823
"X505",0.524803481008252
"X506",0.527840454639473
"X507",0.531659676172995
"X508",0.535133654080395
"X509",0.538566092688056
"X510",0.542242529494342
"X511",0.54606669949159
"X512",0.549784955435972
"X513",0.553325361022592
"X514",0.556765470194866
"X515",0.560418909222292
"X516",0.563490733875062
"X517",0.565979128961888
"X518",0.568811527886198
"X519",0.571351391822331
"X520",0.573421703055998
"X521",0.575091038879411
"X522",0.576735019987173
"X523",0.57786200344333
"X524",0.578444085891127
"X525",0.578805098194492
"X526",0.579425737234829
"X527",0.579837014140157
"X528",0.579691483006864
"X529",0.57918627570872
"X530",0.578464986621156
"X531",0.577809748216114
"X532",0.577440336659008
"X533",0.57689082003681
"X534",0.576008940671774
"X535",0.574958873929712
"X536",0.574270568183479
"X537",0.573592544221332
"X538",0.572891303561225
"X539",0.572149033059602
"X540",0.57104388448121
"X541",0.570140079731261
"X542",0.569505582876649
"X543",0.568819585779063
"X544",0.568058449464842
"X545",0.567224791277611
"X546",0.566408465632747
"X547",0.565885018241254
"X548",0.565310878247787
"X549",0.564698449429095
"X550",0.564185233303839
"X551",0.563544876800256
"X552",0.563049860812329
"X553",0.562780055187926
"X554",0.5625111828801
"X555",0.562528674374854
"X556",0.562517681991037
"X557",0.562204680721587
"X558",0.562122531481828
"X559",0.562198205164307
"X560",0.562362656637319
"X561",0.562544937721081
"X562",0.562546019181597
"X563",0.562621593411903
"X564",0.56285366872779
"X565",0.562709912797645
"X566",0.562789013645621
"X567",0.563034467211865
"X568",0.563127097236862
"X569",0.563138974768923
"X570",0.563167462437874
"X571",0.563201831020197
"X572",0.56308088824055
"X573",0.563060697273749
"X574",0.563116551187118
"X575",0.563139934064417
"X576",0.563077617055699
"X577",0.562941952962707
"X578",0.562856939747618
"X579",0.562985797908159
"X580",0.562861717189251
"X581",0.562687059760163
"X582",0.562596791254099
"X583",0.562256204419578
"X584",0.562110696326322
"X585",0.562086505662668
"X586",0.561904218984818
"X587",0.561476373832069
"X588",0.56119872770523
"X589",0.561204454156609
"X590",0.561213059883149
"X591",0.561073583250958
"X592",0.560821746445114
"X593",0.56054446455401
"X594",0.560224002255915
"X595",0.559881940610261
"X596",0.559664862861972
"X597",0.559759065635397
"X598",0.559648151832732
"X599",0.559410935914367
"X600",0.559221234652684
"X601",0.559285661156018
"X602",0.559123279859421
"X603",0.558831337091748
"X604",0.558687789132757
"X605",0.558610658594661
"X606",0.558318195358606
"X607",0.557821282459472
"X608",0.557468068787892
"X609",0.557171333745987
"X610",0.556893128866181
"X611",0.556590531026231
"X612",0.556251922777612
"X613",0.55569072343608
"X614",0.555063406539477
"X615",0.554678029503506
"X616",0.554139196183981
"X617",0.553519704086855
"X618",0.552947500716542
"X619",0.552544876757905
"X620",0.552203738247721
"X621",0.551914475376909
"X622",0.551689946525521
"X623",0.551484120084509
"X624",0.551255520942221
"X625",0.551080609078013
"X626",0.551107279054776
"X627",0.55112500984485
"X628",0.551052651043582
"X629",0.550947934398663
"X630",0.551144802101154
"X631",0.55123252202707
"X632",0.551155809790454
"X633",0.550995141701872
"X634",0.550704317579945
"X635",0.550260214361818
"X636",0.549663947418561
"X637",0.5489620427021
"X638",0.548112855260281
"X639",0.546977100218055
"X640",0.545532366315625
"X641",0.54419161933342
"X642",0.542621926164236
"X643",0.540810454048286
"X644",0.53893884165271
"X645",0.537111076731184
"X646",0.535235025862973
"X647",0.533312034241009
"X648",0.531519906496174
"X649",0.529889423970808
"X650",0.528477268808179
"X651",0.527263326546126
"X652",0.525885646329795
"X653",0.524739454274953
"X654",0.523769239940141
"X655",0.522574971801606
"X656",0.521323328681075
"X657",0.519943101539053
"X658",0.518338857649119
"X659",0.516409939651987
"X660",0.514382773860542
"X661",0.512284071811051
"X662",0.510084161436857
"X663",0.507792485637688
"X664",0.505668923795722
"X665",0.503736626499761
"X666",0.501808238924352
"X667",0.500073826031739
"X668",0.498610811292183
"X669",0.497414334017316
"X670",0.496316448443075
"X671",0.495410967440196
"X672",0.494759525815972
"X673",0.494360510931487
"X674",0.493926389216459
"X675",0.493673452815013
"X676",0.493673488582899
"X677",0.493823698900782
"X678",0.494183794862609
"X679",0.494981580279921
"X680",0.496258842615315
"X681",0.497520339935248
"X682",0.499350419765972
"X683",0.501916969642651
"X684",0.505170733049517
"X685",0.508958472131654
"X686",0.513731425939596
"X687",0.519630331079841
"X688",0.526422382542621
"X689",0.533757732822015
"X690",0.541483565131342
"X691",0.549386696064775
"X692",0.557071355146773
"X693",0.564311557087493
"X694",0.570743426483489
"X695",0.575937626874544
"X696",0.579525915878681
"X697",0.581635136844938
"X698",0.582257605428887
"X699",0.581215114453717
"X700",0.578760939732261
"X701",0.575165612514277
"X702",0.570650810970663
"X703",0.565168950765864
"X704",0.559205582957785
"X705",0.55292319057807
"X706",0.546354018658389
"X707",0.539583172747021
"X708",0.532750254941535
"X709",0.525972135030075
"X710",0.519352713300589
"X711",0.512940795374657
"X712",0.506666808993334
"X713",0.50046936845395
"X714",0.494317727306779
"X715",0.48817020329637
"X716",0.482136068414214
"X717",0.476252533427838
"X718",0.469927600275473
"X719",0.463648020367063
"X720",0.457417393996144
"X721",0.450803086622276
"X722",0.443896198267925
"X723",0.436462141061617
"X724",0.428392173193822
"X725",0.41983251497357
"X726",0.411170744678359
"X727",0.402207377284753
"X728",0.392708320223698
"X729",0.383296606492695
"X730",0.373406670732656
"X731",0.363069444067531
"X732",0.352765984853166
"X733",0.342542957024119
"X734",0.332540104739133
"X735",0.322716663902048
"X736",0.312832778785595
"X737",0.303420275807254
"X738",0.294487666041298
"X739",0.285903114502215
"X740",0.277505134543157
"X741",0.269508538419892
"X742",0.261910019253471
"X743",0.254633446126865
"X744",0.247898282825342
"X745",0.241572873950132
"X746",0.235585281146739
"X747",0.229946878628816
"X748",0.224598560939753
"X749",0.219628277483258
"X750",0.215075634696162
"X751",0.210826489616501
"X752",0.206741098082127
"X753",0.202959472742265
"X754",0.199641850264943
"X755",0.196666723671699
"X756",0.193945847652762
"X757",0.191402741501059
"X758",0.188958856049901
"X759",0.186399012774694
"X760",0.18405960046752
"X761",0.182063459488528
"X762",0.180180878608023
"X763",0.178672008086283
"X764",0.177385405127194
"X765",0.176171768371334
"X766",0.175209336050008
"X767",0.174277267635438
"X768",0.17334835422731
"X769",0.17247575109812
"X770",0.171672720416016
"X771",0.17093898114443
"X772",0.170255470678761
"X773",0.169583573596843
"X774",0.168943028227419
"X775",0.168304703169162
"X776",0.167688296097766
"X777",0.16718534208054
"X778",0.16669287194635
"X779",0.166258575675542
"X780",0.165940163525197
"X781",0.165695741481475
"X782",0.165362818499189
"X783",0.164927724356129
"X784",0.164496032012195
"X785",0.164334633771662
"X786",0.164241498992068
"X787",0.164098492960705
"X788",0.163887299952013
"X789",0.163661308634993
"X790",0.16348031395725
"X791",0.163345609408204
"X792",0.163170049352873
"X793",0.162807754241832
"X794",0.162527318628152
"X795",0.162496087295328
"X796",0.162349617183844
"X797",0.162250729092163
"X798",0.162133359312299
"X799",0.161904863599391
"X800",0.161657341135275
"X801",0.161461392645445
"X802",0.161294990589085
"X803",0.161092828943572
"X804",0.160970373552939
"X805",0.160832840082578
"X806",0.160672799400547
"X807",0.160573377477081
"X808",0.160331516481264
"X809",0.160112955502454
"X810",0.160016458510654
"X811",0.159915924285528
"X812",0.15975227294216
"X813",0.159549209326059
"X814",0.159347139856198
"X815",0.159150916803991
"X816",0.158903578343011
"X817",0.158636463086362
"X818",0.158376923473208
"X819",0.15789800765348
"X820",0.157435136526458
"X821",0.157101822930761
"X822",0.156882031601803
"X823",0.156590880359311
"X824",0.156263771201247
"X825",0.155840859813349
"X826",0.155164331113372
"X827",0.154703695288527
"X828",0.154286826100771
"X829",0.153768196050112
"X830",0.153232479451551
"X831",0.15277428532175
"X832",0.152314731220377
"X833",0.151785524581522
"X834",0.151284252923118
"X835",0.150889078565225
"X836",0.150623847361672
"X837",0.150404421770683
"X838",0.149912776850016
"X839",0.149528174983818
"X840",0.149246106957576
"X841",0.148864313620942
"X842",0.148413839405711
"X843",0.14801765106279
"X844",0.147665009769052
"X845",0.147250364846534
"X846",0.14684922000972
"X847",0.146396114655484
"X848",0.145942921770707
"X849",0.145669604661333
"X850",0.145292521245448
"X851",0.145006034988218
"X852",0.144872335942147
"X853",0.144631256070708
"X854",0.144337849055664
"X855",0.143991482947434
"X856",0.143601804828457
"X857",0.143229803698254
"X858",0.142822930837797
"X859",0.142558791330509
"X860",0.14248260685217
"X861",0.142065076534983
"X862",0.141742025651104
"X863",0.141383192227815
"X864",0.140815052036306
"X865",0.14061568709893
"X866",0.140380511236634
"X867",0.140032920709683
"X868",0.13969916681213
"X869",0.139541590619021
"X870",0.139367905673919
"X871",0.139118599006617
"X872",0.138842312530033
"X873",0.138501971754277
"X874",0.138193424858286
"X875",0.137908633798913
"X876",0.137570240643593
"X877",0.137342326402311
"X878",0.137122682616375
"X879",0.136878761321628
"X880",0.13668036192586
"X881",0.136249877682964
"X882",0.135838849949211
"X883",0.135583034888236
"X884",0.135337580980963
"X885",0.135065194559079
"X886",0.134747155857122
"X887",0.134346702663851
"X888",0.133809937098577
"X889",0.133353375606325
"X890",0.132992619832081
"X891",0.132588874206771
"X892",0.13179497385613
"X893",0.131339153985193
"X894",0.130942229871832
"X895",0.130316551770791
"X896",0.129782629017738
"X897",0.129246530323951
"X898",0.128665678775867
"X899",0.12805122403064
"X900",0.127509477582051
"X901",0.127157577946342
"X902",0.12669144416953
"X903",0.125947244599882
"X904",0.125611237348614
"X905",0.125027200050048
"X906",0.124418465077417
"X907",0.12408891222819
"X908",0.123568017074677
"X909",0.123104615346686
"X910",0.122683760169013
"X911",0.122220481905461
"X912",0.121761902644834
"X913",0.121111960297822
"X914",0.120416015662859
"X915",0.119894010994207
"X916",0.119494933181123
"X917",0.118953853112234
"X918",0.118167638838791
"X919",0.117250603035203
"X920",0.11678559893653
"X921",0.11623940046516
"X922",0.115415837328446
"X923",0.114450610134601
"X924",0.113961810852449
"X925",0.113327092776252
"X926",0.112467325668635
"X927",0.111596597715167
"X928",0.110894220551703
"X929",0.110045629458282
"X930",0.109123832034315
"X931",0.108283763206939
"X932",0.107275097753447
"X933",0.106293158324306
"X934",0.105272004955015
"X935",0.104065994874787
"X936",0.102712219934479
"X937",0.101637827705243
"X938",0.100580912871897
"X939",0.0991620598496405
"X940",0.0976909626529323
"X941",0.0962777111423105
"X942",0.0947982727688433
"X943",0.0931490834705392
"X944",0.0916431759395182
"X945",0.0898448657869671
"X946",0.0876826875999947
"X947",0.0853385279848784
"X948",0.083310342090472
"X949",0.0810759081744534
"X950",0.0787406894530645
"X951",0.0763782368926196
"X952",0.0734487113850833
"X953",0.0703852465672674
"X954",0.0674019544552854
"X955",0.064586041939382
"X956",0.061896139003354
"X957",0.059136778598232
"X958",0.0564908773676179
"X959",0.0541407721492141
"X960",0.0520402043891943
"X961",0.0500740436807476
"X962",0.0479659949108647
"X963",0.0458077362128904
"X964",0.0442705792211134
"X965",0.0428577525807016
"X966",0.04147068498271
"X967",0.0401804953961632
"X968",0.0391648667542475
"X969",0.0381490618174785
"X970",0.0371183912063886
"X971",0.0362060698929778
"X972",0.0355788202399613
"X973",0.0346880832986465
"X974",0.0339221173938439
"X975",0.0334697162234737
"X976",0.033188045807751
"X977",0.0327167846743731
"X978",0.0324000808521192
"X979",0.0323860425025525
"X980",0.032544242133364
"X981",0.0323269088814731
"X982",0.0325031116823856
"X983",0.0327996186327467
"X984",0.0327488530593192
"X985",0.0334194849872064
"X986",0.0338699757775531
"X987",0.0341494060341912
"X988",0.0347033069295863
"X989",0.0358537142739785
"X990",0.0366016050694325
"X991",0.0371277103725988
"X992",0.0378110103131658
"X993",0.0386571058721713
"X994",0.0398500393289674
"X995",0.040817620368083
"X996",0.0414358667757922
"X997",0.0423913762979684
"X998",0.0436193102477314
"X999",0.0446880605509168
"X1000",0.0456880857216237
"X1001",0.0586009850138952
"X1002",0.0595553181690977
"X1003",0.0604979142744847
"X1004",0.0616182178431888
"X1005",0.0626534365698198
"X1006",0.0636265837919065
"X1007",0.0646256010801559
"X1008",0.0655842621736205
"X1009",0.0666992344643536
"X1010",0.0679410875396448
"X1011",0.0690436024698522
"X1012",0.0702107577660321
"X1013",0.0713409657903882
"X1014",0.0723025177902121
"X1015",0.0733344400288699
"X1016",0.0744425445974195
"X1017",0.0755557354818646
"X1018",0.0766151435319649
"X1019",0.0776306188194328
"X1020",0.078674150727167
"X1021",0.079737647394253
"X1022",0.0807457194667995
"X1023",0.0817410317949572
"X1024",0.0827157160928483
"X1025",0.0835928094471731
"X1026",0.0845532165973611
"X1027",0.085616139522135
"X1028",0.086566584102986
"X1029",0.0874788560507707
"X1030",0.0883946227677994
"X1031",0.0892821672616316
"X1032",0.0900692006055632
"X1033",0.0909380714740082
"X1034",0.0919024616417042
"X1035",0.0927121029484885
"X1036",0.0934691051778845
"X1037",0.0942089501030458
"X1038",0.0947990957272115
"X1039",0.0955247262015722
"X1040",0.0963371535620717
"X1041",0.0970995029294319
"X1042",0.0979425761206368
"X1043",0.0986886501825525
"X1044",0.0993776468942546
"X1045",0.0999959570450899
"X1046",0.100631842920015
"X1047",0.101233292410903
"X1048",0.101810669584691
"X1049",0.102411468900088
"X1050",0.1029089198422
"X1051",0.103298890978205
"X1052",0.103754557038206
"X1053",0.104160426349682
"X1054",0.104614356410275
"X1055",0.105166006702062
"X1056",0.105624130799653
"X1057",0.106028911619134
"X1058",0.10647391046074
"X1059",0.106839707820208
"X1060",0.107192751245179
"X1061",0.1074883405726
"X1062",0.107726443676605
"X1063",0.107982473194688
"X1064",0.108181474217516
"X1065",0.10844251230352
"X1066",0.108825374882587
"X1067",0.109024220953105
"X1068",0.109124572551754
"X1069",0.109258475877308
"X1070",0.10927294816472
"X1071",0.10935710821796
"X1072",0.109555712665952
"X1073",0.109683064899613
"X1074",0.109691098857801
"X1075",0.109722509534519
"X1076",0.109717367919138
"X1077",0.109667424018164
"X1078",0.109572406250989
"X1079",0.109407046050279
"X1080",0.109331061718782
"X1081",0.10926059001321
"X1082",0.109163221097677
"X1083",0.109177136664406
"X1084",0.109060088863479
"X1085",0.108881131702038
"X1086",0.108615989563177
"X1087",0.108257584042286
"X1088",0.107852577376424
"X1089",0.107468211252733
"X1090",0.107005700600551
"X1091",0.106565162555757
"X1092",0.106164425638748
"X1093",0.105718612076812
"X1094",0.105223649345386
"X1095",0.104730776090327
"X1096",0.104259910373365
"X1097",0.103720807284839
"X1098",0.103135252148793
"X1099",0.102534859090032
"X1100",0.101876826935074
"X1101",0.101274751293544
"X1102",0.100597203731239
"X1103",0.0999005019592343
"X1104",0.0993238373650913
"X1105",0.0986369122138517
"X1106",0.0979409865929735
"X1107",0.0972536804850999
"X1108",0.0964192506945071
"X1109",0.0954268347565096
"X1110",0.0944836748233892
"X1111",0.0935345325714153
"X1112",0.0924917276056042
"X1113",0.0914132209712707
"X1114",0.0902749652958853
"X1115",0.0890819165025749
"X1116",0.0877986223347429
"X1117",0.086433429117383
"X1118",0.0849533883054809
"X1119",0.0833449781666705
"X1120",0.0815582517111973
"X1121",0.0796650731119104
"X1122",0.0777847746004512
"X1123",0.0757814907195976
"X1124",0.0735595479652864
"X1125",0.0711928364738463
"X1126",0.0687164271289248
"X1127",0.0659971030113769
"X1128",0.0630463990427331
"X1129",0.0599923782447987
"X1130",0.0567473342848189
"X1131",0.0533312538647707
"X1132",0.0497837433846542
"X1133",0.0460589833011061
"X1134",0.0419602249750402
"X1135",0.0376669538464865
"X1136",0.0332794675229378
"X1137",0.0284859107600357
"X1138",0.023491295797614
"X1139",0.0183430203308385
"X1140",0.0127475631757084
"X1141",0.00705664999313416
"X1142",0.00118250970221401
"X1143",-0.0049928975493562
"X1144",-0.0111289602339739
"X1145",-0.0173679864302988
"X1146",-0.0237238552088571
"X1147",-0.0302212000514642
"X1148",-0.0365871029563036
"X1149",-0.0429995308265244
"X1150",-0.0492242022677993
"X1151",-0.0551238257176315
"X1152",-0.0608817658869653
"X1153",-0.0663818825254687
"X1154",-0.0717111863645903
"X1155",-0.076832706308374
"X1156",-0.0815611981257748
"X1157",-0.0860284362148186
"X1158",-0.0902694691852802
"X1159",-0.0942116684550525
"X1160",-0.0978674632385936
"X1161",-0.101236643457507
"X1162",-0.104231639725973
"X1163",-0.107143072213135
"X1164",-0.109830287594529
"X1165",-0.112304866831261
"X1166",-0.114676599666817
"X1167",-0.11681662764523
"X1168",-0.118734016020464
"X1169",-0.120618229301216
"X1170",-0.122342663100545
"X1171",-0.124070268238102
"X1172",-0.125771923148622
"X1173",-0.127304688719505
"X1174",-0.128885944846379
"X1175",-0.130468458582757
"X1176",-0.132033450846631
"X1177",-0.133648258233083
"X1178",-0.135315600555774
"X1179",-0.137047371247924
"X1180",-0.13878092932064
"X1181",-0.140556492528362
"X1182",-0.14232250808811
"X1183",-0.144115981280617
"X1184",-0.145864812253274
"X1185",-0.147614829895901
"X1186",-0.149422320534521
"X1187",-0.151238927695899
"X1188",-0.153026586860991
"X1189",-0.154777922518032
"X1190",-0.156502289097367
"X1191",-0.158071659558053
"X1192",-0.159568492597641
"X1193",-0.161103371697665
"X1194",-0.1625668435
"X1195",-0.164046327414343
"X1196",-0.165456735717571
"X1197",-0.166654792812959
"X1198",-0.167726434113587
"X1199",-0.168611762507866
"X1200",-0.169267467048092
"X1201",-0.169751437186584
"X1202",-0.170011883274683
"X1203",-0.17003202159602
"X1204",-0.169934062029973
"X1205",-0.169547129927438
"X1206",-0.16885770617716
"X1207",-0.168055592430825
"X1208",-0.166973804563563
"X1209",-0.165724122180111
"X1210",-0.16436835244099
"X1211",-0.162808017508943
"X1212",-0.16113499619088
"X1213",-0.159293740687247
"X1214",-0.157302354253825
"X1215",-0.155231979834424
"X1216",-0.153077830955192
"X1217",-0.150806887554026
"X1218",-0.148426810257723
"X1219",-0.146015161694447
"X1220",-0.143593115223353
"X1221",-0.141097418930894
"X1222",-0.138672383230088
"X1223",-0.136286297671671
"X1224",-0.133853983631532
"X1225",-0.131510110808502
"X1226",-0.129169834322171
"X1227",-0.126839465577875
"X1228",-0.124590377525644
"X1229",-0.122395725085205
"X1230",-0.120264017619965
"X1231",-0.118231060624077
"X1232",-0.116344699950341
"X1233",-0.114522008802938
"X1234",-0.112740043246028
"X1235",-0.11103684261589
"X1236",-0.109379819106215
"X1237",-0.107761987455301
"X1238",-0.106206775305311
"X1239",-0.104672637799239
"X1240",-0.103190611445704
"X1241",-0.101798628420017
"X1242",-0.100442404971972
"X1243",-0.0992449566685024
"X1244",-0.0981352198324485
"X1245",-0.0970052710915228
"X1246",-0.0959142114361103
"X1247",-0.0948133109378358
"X1248",-0.0937403479058177
"X1249",-0.0928043968530157
"X1250",-0.0919446222924988
"X1251",-0.0911069121219633
"X1252",-0.0903054408607045
"X1253",-0.0895275061612578
"X1254",-0.088840793712877
"X1255",-0.0882042301383797
"X1256",-0.0876692423068499
"X1257",-0.0871281213523947
"X1258",-0.0866292118406216
"X1259",-0.0861041319347401
"X1260",-0.0856610152234098
"X1261",-0.0853068662548028
"X1262",-0.0849945400102689
"X1263",-0.0847171381377105
"X1264",-0.0844365325530594
"X1265",-0.0841820031129785
"X1266",-0.0839682305993638
"X1267",-0.0837778311643019
"X1268",-0.0835796843499578
"X1269",-0.0834131115545944
"X1270",-0.0832986722001772
"X1271",-0.0832525356564046
"X1272",-0.0833053221794748
"X1273",-0.0833908914687951
"X1274",-0.0834768734358484
"X1275",-0.0835897170279226
"X1276",-0.0838203097755835
"X1277",-0.0841192532667003
"X1278",-0.0844832032464875
"X1279",-0.0849546517385469
"X1280",-0.0854877041351925
"X1281",-0.0860829193812751
"X1282",-0.0866816454666596
"X1283",-0.0874148858196475
"X1284",-0.0882117678799465
"X1285",-0.0890303102046691
"X1286",-0.0900057266960098
"X1287",-0.0910710110696167
"X1288",-0.0922039039833276
"X1289",-0.0933774940403488
"X1290",-0.0946032782723816
"X1291",-0.0959477635934503
"X1292",-0.0973163401239578
"X1293",-0.098756104835032
"X1294",-0.100302391574316
"X1295",-0.10185343735143
"X1296",-0.103445557011209
"X1297",-0.105202349629513
"X1298",-0.107088193052694
"X1299",-0.109074572552849
"X1300",-0.111213872784441
"X1301",-0.113419075369738
"X1302",-0.115696051402458
"X1303",-0.118107781273213
"X1304",-0.120628225997498
"X1305",-0.123279677162611
"X1306",-0.126057278017965
"X1307",-0.129005020677203
"X1308",-0.132088637135123
"X1309",-0.135223470229223
"X1310",-0.138440296743621
"X1311",-0.141838292107592
"X1312",-0.145363180409844
"X1313",-0.149003900322904
"X1314",-0.152944273461174
"X1315",-0.15702158104215
"X1316",-0.161121500566108
"X1317",-0.165405469599707
"X1318",-0.169767500946818
"X1319",-0.174197546771027
"X1320",-0.178786886204141
"X1321",-0.183496764461196
"X1322",-0.188321988592407
"X1323",-0.193268329084134
"X1324",-0.198304210092675
"X1325",-0.203487749999692
"X1326",-0.208655426698322
"X1327",-0.213865641669939
"X1328",-0.219172373542578
"X1329",-0.224457149056049
"X1330",-0.229833817182783
"X1331",-0.235392451131028
"X1332",-0.24080896748794
"X1333",-0.246068572775312
"X1334",-0.251431258774809
"X1335",-0.256607138470768
"X1336",-0.261768877111797
"X1337",-0.266938769689764
"X1338",-0.2719775235096
"X1339",-0.27708571716825
"X1340",-0.282040561381864
"X1341",-0.286870058854221
"X1342",-0.291677830640474
"X1343",-0.296210232284037
"X1344",-0.300650108205446
"X1345",-0.305076525767356
"X1346",-0.309328667460633
"X1347",-0.313564326271592
"X1348",-0.317707812172786
"X1349",-0.32171322206279
"X1350",-0.325603488424884
"X1351",-0.329404984057518
"X1352",-0.333063353133172
"X1353",-0.336709145502098
"X1354",-0.340235583129973
"X1355",-0.343764721440994
"X1356",-0.347270784504344
"X1357",-0.350738667913168
"X1358",-0.354171461800092
"X1359",-0.357600346903704
"X1360",-0.360976093401192
"X1361",-0.364359797323869
"X1362",-0.367796277982579
"X1363",-0.371201651418256
"X1364",-0.374740032976958
"X1365",-0.37832871767647
"X1366",-0.381894829733606
"X1367",-0.385508064933215
"X1368",-0.389017239197564
"X1369",-0.392607528901204
"X1370",-0.396333965042093
"X1371",-0.400071147472933
"X1372",-0.404044446797238
"X1373",-0.408071882519661
"X1374",-0.412042469923061
"X1375",-0.416138470305482
"X1376",-0.420160953370074
"X1377",-0.424185488535025
"X1378",-0.428171545963672
"X1379",-0.432212874342123
"X1380",-0.435965934962386
"X1381",-0.439678349154515
"X1382",-0.443025241305973
"X1383",-0.446177259071754
"X1384",-0.448917489782132
"X1385",-0.451415901266859
"X1386",-0.453416183065857
"X1387",-0.455039976919284
"X1388",-0.456116563601974
"X1389",-0.456758641895422
"X1390",-0.456822866842132
"X1391",-0.456265761103663
"X1392",-0.455189504326324
"X1393",-0.453566004100313
"X1394",-0.451350032658725
"X1395",-0.448656150195829
"X1396",-0.445435017746666
"X1397",-0.441614885430439
"X1398",-0.437350938161918
"X1399",-0.432730765810782
"X1400",-0.427767752247204
"X1401",-0.422604829519993
"X1402",-0.417214114566654
"X1403",-0.411603797009235
"X1404",-0.405870433580928
"X1405",-0.399917492770382
"X1406",-0.393931330033412
"X1407",-0.387972201014727
"X1408",-0.381982655141392
"X1409",-0.37614381253549
"X1410",-0.370414862879464
"X1411",-0.364817318089269
"X1412",-0.359366380953784
"X1413",-0.354162619155107
"X1414",-0.349143609145904
"X1415",-0.344417794128115
"X1416",-0.340025834354446
"X1417",-0.335825283939749
"X1418",-0.331910350628134
"X1419",-0.328290600170391
"X1420",-0.325027496145367
"X1421",-0.321949198045168
"X1422",-0.319182489833935
"X1423",-0.316655687142458
"X1424",-0.314384032288037
"X1425",-0.31236719837929
"X1426",-0.310674979787321
"X1427",-0.309200537889407
"X1428",-0.30789911917774
"X1429",-0.306788288078752
"X1430",-0.305808535850483
"X1431",-0.305042361469456
"X1432",-0.304452022677714
"X1433",-0.304029564693967
"X1434",-0.30378182942598
"X1435",-0.30358570079804
"X1436",-0.30354878143326
"X1437",-0.303626817802052
"X1438",-0.303731233077642
"X1439",-0.303958244552267
"X1440",-0.304235669688285
"X1441",-0.304513205224554
"X1442",-0.304893189425352
"X1443",-0.305356933153909
"X1444",-0.305811337415374
"X1445",-0.306333499714022
"X1446",-0.306918275003862
"X1447",-0.307503829139157
"X1448",-0.308086541131089
"X1449",-0.308692296904651
"X1450",-0.309310637009946
"X1451",-0.309918815309067
"X1452",-0.310575987033049
"X1453",-0.311248967617304
"X1454",-0.311981560070328
"X1455",-0.312704084874252
"X1456",-0.313565901962331
"X1457",-0.314517413321455
"X1458",-0.315561741547901
"X1459",-0.316707457930016
"X1460",-0.317957080738089
"X1461",-0.31922987223138
"X1462",-0.320715628327901
"X1463",-0.322346519526319
"X1464",-0.324088398562329
"X1465",-0.325972375045776
"X1466",-0.328022970823674
"X1467",-0.330169699379687
"X1468",-0.332503489034706
"X1469",-0.335049376016957
"X1470",-0.33763093009448
"X1471",-0.34038579565302
"X1472",-0.343201048345622
"X1473",-0.346064594042959
"X1474",-0.349019831174044
"X1475",-0.351917333989807
"X1476",-0.354916286828898
"X1477",-0.357995274316876
"X1478",-0.361033924437417
"X1479",-0.364177962841147
"X1480",-0.367286767737399
"X1481",-0.370314935279328
"X1482",-0.373325705971526
"X1483",-0.376229518253812
"X1484",-0.379151972188824
"X1485",-0.382095452667396
"X1486",-0.384974722209123
"X1487",-0.387869565788648
"X1488",-0.390663003296766
"X1489",-0.393378055168954
"X1490",-0.396083171034064
"X1491",-0.398726990364355
"X1492",-0.401445743612305
"X1493",-0.404092627964545
"X1494",-0.40659203330933
"X1495",-0.409141940594938
"X1496",-0.411623949963232
"X1497",-0.414038204510621
"X1498",-0.416502273775236
"X1499",-0.418890710351389
"X1500",-0.421295034639953
"X1501",-0.423643085967668
"X1502",-0.425952033608531
"X1503",-0.428233338677975
"X1504",-0.430502723850986
"X1505",-0.432671344180952
"X1506",-0.43479024211907
"X1507",-0.436893374809127
"X1508",-0.438922035345536
"X1509",-0.440962739552445
"X1510",-0.443016474730388
"X1511",-0.444979745080288
"X1512",-0.446906076754202
"X1513",-0.448781928577959
"X1514",-0.450610774437213
"X1515",-0.452386647846135
"X1516",-0.454086730326034
"X1517",-0.455809175562731
"X1518",-0.457484613664969
"X1519",-0.459167362667761
"X1520",-0.460907216194695
"X1521",-0.462555378297478
"X1522",-0.464177644495502
"X1523",-0.465729411134493
"X1524",-0.467217321184106
"X1525",-0.468679364080809
"X1526",-0.470105301894376
"X1527",-0.47145568564341
"X1528",-0.472829081829841
"X1529",-0.474136312751999
"X1530",-0.47541206183056
"X1531",-0.476734523882689
"X1532",-0.477975580254345
"X1533",-0.479201341321429
"X1534",-0.480437906500673
"X1535",-0.48162154340518
"X1536",-0.482851003760298
"X1537",-0.484074607058095
"X1538",-0.485201470512021
"X1539",-0.486293114545558
"X1540",-0.487368071107037
"X1541",-0.48842882840154
"X1542",-0.489480941014288
"X1543",-0.490512265464332
"X1544",-0.491518047746415
"X1545",-0.492495635442567
"X1546",-0.493469353979725
"X1547",-0.494416663744085
"X1548",-0.495285921571121
"X1549",-0.496154469029483
"X1550",-0.49703755003841
"X1551",-0.497873895676204
"X1552",-0.498698219439645
"X1553",-0.499491501114023
"X1554",-0.500226814684614
"X1555",-0.50093600755102
"X1556",-0.501627752962756
"X1557",-0.502281202033377
"X1558",-0.502852243262788
"X1559",-0.50337487526977
"X1560",-0.503917627504917
"X1561",-0.504456905863176
"X1562",-0.504984256483749
"X1563",-0.505482844666572
"X1564",-0.505953470865849
"X1565",-0.506420320588089
"X1566",-0.506839747106206
"X1567",-0.507263630366702
"X1568",-0.507693418629414
"X1569",-0.508073566018285
"X1570",-0.508474546368493
"X1571",-0.508885688288985
"X1572",-0.509243874513684
"X1573",-0.509578502390941
"X1574",-0.509850177988056
"X1575",-0.51009133129193
"X1576",-0.510390732488819
"X1577",-0.510673478997077
"X1578",-0.510988765081718
"X1579",-0.511341104530073
"X1580",-0.511627036643452
"X1581",-0.511892823120274
"X1582",-0.512139392530272
"X1583",-0.512331319446741
"X1584",-0.512537517542582
"X1585",-0.512729668293692
"X1586",-0.512918345891197
"X1587",-0.513101188029935
"X1588",-0.513240489128036
"X1589",-0.513364822542677
"X1590",-0.513474503996563
"X1591",-0.513537342455601
"X1592",-0.51356942564984
"X1593",-0.513577013290459
"X1594",-0.51356696565147
"X1595",-0.513567425132967
"X1596",-0.513580680120593
"X1597",-0.513597051405767
"X1598",-0.51358283329711
"X1599",-0.51353179618026
"X1600",-0.513441569437282
"X1601",-0.513329787729502
"X1602",-0.51320493004391
"X1603",-0.513069172631575
"X1604",-0.512948309895125
"X1605",-0.512812993600812
"X1606",-0.51269476434482
"X1607",-0.512530838650848
"X1608",-0.512334541292059
"X1609",-0.512156643212664
"X1610",-0.511934414975186
"X1611",-0.511744092165288
"X1612",-0.511593357721531
"X1613",-0.511382662400921
"X1614",-0.511136271538763
"X1615",-0.510892798580116
"X1616",-0.510630441923032
"X1617",-0.51039687167369
"X1618",-0.510189132951671
"X1619",-0.509946618325603
"X1620",-0.50967583482882
"X1621",-0.509383139784452
"X1622",-0.509083486380169
"X1623",-0.508845450961394
"X1624",-0.508677426802896
"X1625",-0.508535902932728
"X1626",-0.508383405341148
"X1627",-0.508217343183152
"X1628",-0.508014984113662
"X1629",-0.507776365401295
"X1630",-0.507607931557741
"X1631",-0.507466122278251
"X1632",-0.507294280881687
"X1633",-0.507105258103422
"X1634",-0.506868347079555
"X1635",-0.506593034120961
"X1636",-0.506280057283035
"X1637",-0.505965908151711
"X1638",-0.505686585710896
"X1639",-0.505393867019744
"X1640",-0.505101936945399
"X1641",-0.504832819076175
"X1642",-0.504570792387091
"X1643",-0.504358785743561
"X1644",-0.504197042798445
"X1645",-0.504093283935431
"X1646",-0.503978999088549
"X1647",-0.503850083605179
"X1648",-0.503798500227512
"X1649",-0.503751527364865
"X1650",-0.503714433466574
"X1651",-0.503743102067858
"X1652",-0.503759334999541
"X1653",-0.503775254270061
"X1654",-0.503854711266837
"X1655",-0.503969259109409
"X1656",-0.504100533123506
"X1657",-0.504262769504294
"X1658",-0.504411356416921
"X1659",-0.504559551949157
"X1660",-0.50474606178372
"X1661",-0.504957763359383
"X1662",-0.505214822404074
"X1663",-0.505505483912333
"X1664",-0.50577205701253
"X1665",-0.506022322168724
"X1666",-0.50626079489612
"X1667",-0.506452376632796
"X1668",-0.506636874757478
"X1669",-0.50681068521114
"X1670",-0.506958585174655
"X1671",-0.507134735403662
"X1672",-0.507279725528388
"X1673",-0.507400230907661
"X1674",-0.507545825207573
"X1675",-0.507616616805876
"X1676",-0.507778551770853
"X1677",-0.508057209728719
"X1678",-0.508414578024795
"X1679",-0.508967933098574
"X1680",-0.509569688574775
"X1681",-0.510248853694387
"X1682",-0.511047474962284
"X1683",-0.511938106887121
"X1684",-0.512952852483263
"X1685",-0.514116949989645
"X1686",-0.515463856918534
"X1687",-0.516959603784319
"X1688",-0.518671453430276
"X1689",-0.520576024092392
"X1690",-0.522512426956588
"X1691",-0.52461084484487
"X1692",-0.526728931618291
"X1693",-0.528930362450739
"X1694",-0.531142882324945
"X1695",-0.53342116027715
"X1696",-0.535682161059513
"X1697",-0.537975101171606
"X1698",-0.540184531580474
"X1699",-0.542331692605112
"X1700",-0.544516452490205
"X1701",-0.546643744009845
"X1702",-0.548838182276311
"X1703",-0.551081561207555
"X1704",-0.553315899588146
"X1705",-0.555581615388657
"X1706",-0.557785259283136
"X1707",-0.560012722693151
"X1708",-0.56215153532511
"X1709",-0.564286703782567
"X1710",-0.566199964590639
"X1711",-0.568078921891061
"X1712",-0.569624099214197
"X1713",-0.57092559221125
"X1714",-0.572043044424818
"X1715",-0.57291581183196
"X1716",-0.573630488661981
"X1717",-0.574149473640569
"X1718",-0.574501378008522
"X1719",-0.5746929006228
"X1720",-0.574794258311226
"X1721",-0.574748614903506
"X1722",-0.574630931088319
"X1723",-0.574427433245516
"X1724",-0.574181039980749
"X1725",-0.573863144239325
"X1726",-0.573430713508962
"X1727",-0.572864719830076
"X1728",-0.572083544447559
"X1729",-0.571180415130796
"X1730",-0.570230188255357
"X1731",-0.569184795344974
"X1732",-0.567967765968879
"X1733",-0.566766349725748
"X1734",-0.565486006091867
"X1735",-0.564137193390402
"X1736",-0.563000392904087
"X1737",-0.561890951051453
"X1738",-0.560766326763434
"X1739",-0.559933555656986
"X1740",-0.559227585344781
"X1741",-0.558771258294859
"X1742",-0.558673511252801
"X1743",-0.558617422741855
"X1744",-0.558740484766291
"X1745",-0.55894126579286
"X1746",-0.559260645551324
"X1747",-0.559633338538862
"X1748",-0.560195018853677
"X1749",-0.560658272110209
"X1750",-0.561174841197624
"X1751",-0.56157045775278
"X1752",-0.561912417288537
"X1753",-0.562141476062074
"X1754",-0.56228415543492
"X1755",-0.562339174126766
"X1756",-0.562293129519342
"X1757",-0.562172612459317
"X1758",-0.561957727423479
"X1759",-0.561679488518197
"X1760",-0.561349391823906
"X1761",-0.560855440402791
"X1762",-0.560232659725447
"X1763",-0.559553412413566
"X1764",-0.558666544064745
"X1765",-0.557922012270009
"X1766",-0.557193895677955
"X1767",-0.556441788956279
"X1768",-0.555689341495941
"X1769",-0.554979144598126
"X1770",-0.554231794595165
"X1771",-0.553616977042567
"X1772",-0.553109204237658
"X1773",-0.5525481160997
"X1774",-0.552017281852505
"X1775",-0.551505183888643
"X1776",-0.550977015296259
"X1777",-0.550557400833982
"X1778",-0.549983192534294
"X1779",-0.549339650476085
"X1780",-0.54859057420402
"X1781",-0.547688179656292
"X1782",-0.54675244749789
"X1783",-0.545740644284797
"X1784",-0.544662969703278
"X1785",-0.543475330757318
"X1786",-0.542316408541244
"X1787",-0.541066632106126
"X1788",-0.539906577181748
"X1789",-0.538805841776573
"X1790",-0.53768229711786
"X1791",-0.536518029597827
"X1792",-0.535488341930274
"X1793",-0.534501858299871
"X1794",-0.533573791460594
"X1795",-0.532774898243264
"X1796",-0.53196526112989
"X1797",-0.531152895895073
"X1798",-0.530401547565154
"X1799",-0.529707869534111
"X1800",-0.529045654583439
"X1801",-0.528418353985488
"X1802",-0.527799625676668
"X1803",-0.527214315818783
"X1804",-0.526653950860656
"X1805",-0.526140594414599
"X1806",-0.525779431683104
"X1807",-0.525435313654367
"X1808",-0.525033979825612
"X1809",-0.524736103979778
"X1810",-0.524376055757193
"X1811",-0.524103558239162
"X1812",-0.523995746768758
"X1813",-0.523785687926399
"X1814",-0.523532114654358
"X1815",-0.523337479558343
"X1816",-0.523127797596044
"X1817",-0.52292436978808
"X1818",-0.522770225579865
"X1819",-0.522593957339036
"X1820",-0.522370034540742
"X1821",-0.522171347088176
"X1822",-0.522030193431828
"X1823",-0.521830957065271
"X1824",-0.521566675022435
"X1825",-0.521369658611868
"X1826",-0.521156562928179
"X1827",-0.520968095437205
"X1828",-0.520927813736368
"X1829",-0.520741376088548
"X1830",-0.520575532017831
"X1831",-0.523628522989639
"X1832",-0.523391377717783
"X1833",-0.522922832511197
"X1834",-0.522583680138117
"X1835",-0.522284182689845
"X1836",-0.522099633762621
"X1837",-0.521683318146543
"X1838",-0.521430282854384
"X1839",-0.521067151735308
"X1840",-0.520536688436606
"X1841",-0.520112482438961
"X1842",-0.519815050783844
"X1843",-0.519361952612995
"X1844",-0.518813615054694
"X1845",-0.518417573988239
"X1846",-0.517761431674156
"X1847",-0.516889611246869
"X1848",-0.516109267064379
"X1849",-0.51529804153478
"X1850",-0.514345908206503
"X1851",-0.513361332899441
"X1852",-0.512296299975684
"X1853",-0.511105719899173
"X1854",-0.509835995810688
"X1855",-0.508563224417983
"X1856",-0.50711236360255
"X1857",-0.50542311088125
"X1858",-0.503465225806839
"X1859",-0.501457432153319
"X1860",-0.499304139159227
"X1861",-0.496902282256375
"X1862",-0.494417752014124
"X1863",-0.491555131522246
"X1864",-0.488344083998748
"X1865",-0.48474846278358
"X1866",-0.480939683172009
"X1867",-0.476681108570112
"X1868",-0.471944075276037
"X1869",-0.466674962648104
"X1870",-0.460981601983513
"X1871",-0.454772512183834
"X1872",-0.447866586104434
"X1873",-0.440160626772347
"X1874",-0.431905918858975
"X1875",-0.42292782742077
"X1876",-0.412812462739134
"X1877",-0.40209558252618
"X1878",-0.390497341155946
"X1879",-0.378059719263024
"X1880",-0.364169849721606
"X1881",-0.349816235952345
"X1882",-0.334142814292236
"X1883",-0.317852746105942
"X1884",-0.300637722340234
"X1885",-0.282106273885807
"X1886",-0.262770987303626
"X1887",-0.242781618159507
"X1888",-0.222109762317472
"X1889",-0.200396314151401
"X1890",-0.178559915095856
"X1891",-0.155810103236111
"X1892",-0.133467503358193
"X1893",-0.111090729835813
"X1894",-0.0891642322234507
"X1895",-0.0677009089146774
"X1896",-0.047322929964595
"X1897",-0.0276679991056164
"X1898",-0.00926534321190902
"X1899",0.00831279654973739
"X1900",0.0244668327323788
"X1901",0.0395556819240787
"X1902",0.0528942984861261
"X1903",0.06540133012847
"X1904",0.0759153751514134
"X1905",0.0858689312456695
"X1906",0.0946734507999839
"X1907",0.102282864271783
"X1908",0.108899169577044
"X1909",0.114100341459951
"X1910",0.118847690596418
"X1911",0.122232840586011
"X1912",0.125361788221079
"X1913",0.127389295599616
"X1914",0.129554788954244
"X1915",0.131053223569692
"X1916",0.132533382582319
"X1917",0.134024554128479
"X1918",0.135295661686365
"X1919",0.13592646053937
"X1920",0.136139485159002
"X1921",0.135984665178894
"X1922",0.135193181539214
"X1923",0.134401890658555
"X1924",0.132963042582754
"X1925",0.132061629355792
"X1926",0.131251444817579
"X1927",0.130447257523449
"X1928",0.129745931164183
"X1929",0.129621616856062
"X1930",0.128456872645303
"X1931",0.126806339276798
"X1932",0.125369114937826
"X1933",0.123437724651833
"X1934",0.121838293352048
"X1935",0.120558188744814
"X1936",0.119056657848151
"X1937",0.11763524942239
"X1938",0.115884422596123
"X1939",0.114015925549529
"X1940",0.111970100423298
"X1941",0.109757764774802
"X1942",0.107086095707183
"X1943",0.104803848250851
"X1944",0.102462734977112
"X1945",0.100337138058072
"X1946",0.0987571809269482
"X1947",0.0965229019458349
"X1948",0.094310155930788
"X1949",0.0916843429526997
"X1950",0.0882270937632385
"X1951",0.0849719948334516
"X1952",0.0824392504810169
"X1953",0.0803374335152535
"X1954",0.0776665642528909
"X1955",0.0754918355267353
"X1956",0.0726651951676174
"X1957",0.0688988899266725
"X1958",0.0657239168914854
"X1959",0.0629706273228225
"X1960",0.0597558024412722
"X1961",0.0563793185480838
"X1962",0.0530013780865908
"X1963",0.0492498236150025
"X1964",0.0457876735551621
"X1965",0.0421856861759841
"X1966",0.0387468503791939
"X1967",0.034975897226451
"X1968",0.0309625597958684
"X1969",0.0270827065468984
"X1970",0.0231107728844457
"X1971",0.019126188784476
"X1972",0.015363319204243
"X1973",0.0112797058539962
"X1974",0.00682204804027028
"X1975",0.00272820520027125
"X1976",-0.0015633011052696
"X1977",-0.00598977538348912
"X1978",-0.0103169823643181
"X1979",-0.0145004870277189
"X1980",-0.018963016065819
"X1981",-0.0236676117112817
"X1982",-0.028182470623207
"X1983",-0.0326962513009453
"X1984",-0.0372355143584925
"X1985",-0.041605595986798
"X1986",-0.0461545175623187
"X1987",-0.0509213680313897
"X1988",-0.0556477509270861
"X1989",-0.0602425632786018
"X1990",-0.0647963045006836
"X1991",-0.0693223393686292
"X1992",-0.0735724325886698
"X1993",-0.0782300358158457
"X1994",-0.0832359543109086
"X1995",-0.0879329074486661
"X1996",-0.0925805984955956
"X1997",-0.0973301064412599
"X1998",-0.10204979391824
"X1999",-0.106613270553927
"X2000",-0.111450319206411
"X2001",-0.116357946778516
"X2002",-0.12070194132283
"X2003",-0.124617264190684
"X2004",-0.12880338753285
"X2005",-0.132952755583854
"X2006",-0.136821303547733
"X2007",-0.140768627159902
"X2008",-0.144444725784382
"X2009",-0.147368205700374
"X2010",-0.150844767180659
"X2011",-0.154745119262225
"X2012",-0.158362794326571
"X2013",-0.161793347456671
"X2014",-0.165443200927388
"X2015",-0.168626018339282
"X2016",-0.171354172993734
"X2017",-0.174299390594642
"X2018",-0.17717984331781
"X2019",-0.179994713660869
"X2020",-0.182728391520317
"X2021",-0.185491244755961
"X2022",-0.188358213367919
"X2023",-0.191026793771485
"X2024",-0.193868502535903
"X2025",-0.19623296379225
"X2026",-0.198091685227551
"X2027",-0.199876848637342
"X2028",-0.201556324820493
"X2029",-0.203209749491251
"X2030",-0.205036490127516
"X2031",-0.207282629606339
"X2032",-0.209014158735519
"X2033",-0.210616716939913
"X2034",-0.212052706067041
"X2035",-0.21304335600738
"X2036",-0.214243112672961
"X2037",-0.215411413230846
"X2038",-0.216727367843197
"X2039",-0.217833416718981
"X2040",-0.219007011356532
"X2041",-0.219938402358646
"X2042",-0.220709072710963
"X2043",-0.221517047300114
"X2044",-0.222178074797572
"X2045",-0.222998569408544
"X2046",-0.223892655494648
"X2047",-0.224822777898837
"X2048",-0.226023186106725
"X2049",-0.226875518036345
"X2050",-0.227352833185832
"X2051",-0.228097724729638
"X2052",-0.228748882356186
"X2053",-0.229483642787912
"X2054",-0.230582109363995
"X2055",-0.23186944904317
"X2056",-0.232828826523476
"X2057",-0.233879674397761
"X2058",-0.235139479019209
"X2059",-0.236501121576818
"X2060",-0.237869081219593
"X2061",-0.239447238954158
"X2062",-0.240938269021426
"X2063",-0.242406694731859
"X2064",-0.243795619745006
"X2065",-0.24518132117132
"X2066",-0.246569918682943
"X2067",-0.24786132293254
"X2068",-0.249171325892129
"X2069",-0.25054604380831
"X2070",-0.252240183347832
"X2071",-0.253557009066913
"X2072",-0.254782285663291
"X2073",-0.256069109174445
"X2074",-0.257124132482327
"X2075",-0.258488879973667
"X2076",-0.260115127587335
"X2077",-0.261504830984348
"X2078",-0.262915866065526
"X2079",-0.264280994161577
"X2080",-0.265706167301883
"X2081",-0.266953642889536
"X2082",-0.268197805222847
"X2083",-0.269176601447176
"X2084",-0.27006159907567
"X2085",-0.270619823675226
"X2086",-0.27137480133876
"X2087",-0.272190232175826
"X2088",-0.272715534775212
"X2089",-0.273448133994365
"X2090",-0.274142948845811
"X2091",-0.274649601481594
"X2092",-0.275475787721721
"X2093",-0.276587735591
"X2094",-0.277450330282608
"X2095",-0.278411790587981
"X2096",-0.279229131387815
"X2097",-0.279836851159465
"X2098",-0.280506767453088
"X2099",-0.28129210401289
"X2100",-0.281809535892631
"X2101",-0.28210321391152
"X2102",-0.282393413305328
"X2103",-0.282744462526103
"X2104",-0.283226080005669
"X2105",-0.283629345282442
"X2106",-0.284088467568767
"X2107",-0.284516252920193
"X2108",-0.284870434073193
"X2109",-0.28504161523166
"X2110",-0.285121683229824
"X2111",-0.285365173776556
"X2112",-0.28553178419846
"X2113",-0.285681531478495
"X2114",-0.285904597309322
"X2115",-0.286190555275872
"X2116",-0.28636060139996
"X2117",-0.286597308970392
"X2118",-0.287153778183875
"X2119",-0.287773703574877
"X2120",-0.288279907036241
"X2121",-0.288582898930898
"X2122",-0.288606899684716
"X2123",-0.288823964460831
"X2124",-0.28896421393099
"X2125",-0.288979477782952
"X2126",-0.289145248599683
"X2127",-0.289255358597776
"X2128",-0.289533854235611
"X2129",-0.290069162562844
"X2130",-0.290366470962763
"X2131",-0.290819952787797
"X2132",-0.291070058750339
"X2133",-0.291053530851843
"X2134",-0.290963045541781
"X2135",-0.291328438132925
"X2136",-0.291374168891343
"X2137",-0.291332991209028
"X2138",-0.291577408484927
"X2139",-0.291349893541889
"X2140",-0.291201121262523
"X2141",-0.291323932785667
"X2142",-0.29116316048095
"X2143",-0.29117753064046
"X2144",-0.291134346312702
"X2145",-0.291350831388794
"X2146",-0.291801146286531
"X2147",-0.292226595829374
"X2148",-0.292860240719474
"X2149",-0.29341425217617
"X2150",-0.293948024591191
"X2151",-0.294376892285469
"X2152",-0.294967560304337
"X2153",-0.295092941632127
"X2154",-0.295216897991008
"X2155",-0.295448993239495
"X2156",-0.295245655582479
"X2157",-0.295258465359674
"X2158",-0.295160086971649
"X2159",-0.294846780721903
"X2160",-0.294820391131435
"X2161",-0.294939924292269
"X2162",-0.294880624815089
"X2163",-0.294803882874561
"X2164",-0.294753066274684
"X2165",-0.294439076558302
"X2166",-0.294536698692473
"X2167",-0.294883651074096
"X2168",-0.29525830677269
"X2169",-0.296023999923715
"X2170",-0.296467166418352
"X2171",-0.296702089751949
"X2172",-0.296990388271902
"X2173",-0.297150263131838
"X2174",-0.297319341990304
"X2175",-0.297671451982065
"X2176",-0.298754134621793
"X2177",-0.299845911460499
"X2178",-0.301048694090452
"X2179",-0.302346947736627
"X2180",-0.303139219684367
"X2181",-0.304143902033774
"X2182",-0.305194720293636
"X2183",-0.306170995992047
"X2184",-0.307124648395145
"X2185",-0.308248612001554
"X2186",-0.309350998827364
"X2187",-0.310504970035414
"X2188",-0.311796172395707
"X2189",-0.313068867144453
"X2190",-0.314370078813617
"X2191",-0.315658248991764
"X2192",-0.316991175184644
"X2193",-0.318309699896344
"X2194",-0.319484605560642
"X2195",-0.32085951070491
"X2196",-0.322374115332038
"X2197",-0.323913796378949
"X2198",-0.325462621567319
"X2199",-0.326946144021684
"X2200",-0.328208347042658
"X2201",-0.329452939932928
"X2202",-0.330752664887865
"X2203",-0.332017705951017
"X2204",-0.333503278601194
"X2205",-0.334980391812052
"X2206",-0.336315896318235
"X2207",-0.337554977409401
"X2208",-0.338992610597201
"X2209",-0.340352620692684
"X2210",-0.341814482808447
"X2211",-0.343615989155832
"X2212",-0.345024954116428
"X2213",-0.346232166454411
"X2214",-0.347517631681294
"X2215",-0.34870675244877
"X2216",-0.349842646465236
"X2217",-0.350883823490301
"X2218",-0.352038298311556
"X2219",-0.353164539658294
"X2220",-0.35430722173954
"X2221",-0.35562611875239
"X2222",-0.356934608132917
"X2223",-0.357647715221494
"X2224",-0.358323974504293
"X2225",-0.358837658960535
"X2226",-0.359062135854029
"X2227",-0.359632892152927
"X2228",-0.360267067706757
"X2229",-0.360669265747717
"X2230",-0.360775057264379
"X2231",-0.360624213855664
"X2232",-0.360399113465392
"X2233",-0.360125427199794
"X2234",-0.359632311266516
"X2235",-0.359417171815907
"X2236",-0.359313909610524
"X2237",-0.359072148912631
"X2238",-0.358938123815547
"X2239",-0.358709861892802
"X2240",-0.358388578977032
"X2241",-0.357901170906784
"X2242",-0.357216539056347
"X2243",-0.356784594329957
"X2244",-0.356073961474647
"X2245",-0.355856430083095
"X2246",-0.356144857249575
"X2247",-0.356303580503382
"X2248",-0.356651284787919
"X2249",-0.356969765160683
"X2250",-0.357190893428822
"X2251",-0.35770079829678
"X2252",-0.358088727797818
"X2253",-0.359208828811769
"X2254",-0.360495378458262
"X2255",-0.361750835233967
"X2256",-0.36380121666572
"X2257",-0.365780246478839
"X2258",-0.367912445200405
"X2259",-0.370150534573848
"X2260",-0.372051057102575
"X2261",-0.374161358602754
"X2262",-0.376426462644395
"X2263",-0.378891716756961
"X2264",-0.381430242580418
"X2265",-0.384317076754755
"X2266",-0.386666411264051
"X2267",-0.388980817049822
"X2268",-0.390982501258604
"X2269",-0.392440096350658
"X2270",-0.394282415879248
"X2271",-0.396245935574953
"X2272",-0.397967093642959
"X2273",-0.399708276483792
"X2274",-0.401204544995984
"X2275",-0.402317799863788
"X2276",-0.403611090474168
"X2277",-0.404986242800882
"X2278",-0.406243417432818
"X2279",-0.407514527002469
"X2280",-0.408532601248594
"X2281",-0.409353773185352
"X2282",-0.410137082055406
"X2283",-0.410404294114296
"X2284",-0.411297241296034
"X2285",-0.412501961657288
"X2286",-0.413660889781072
"X2287",-0.415466590051574
"X2288",-0.416787421386329
"X2289",-0.417293274226775
"X2290",-0.41861088231404
"X2291",-0.420127613877066
"X2292",-0.42184220864049
"X2293",-0.424523324480773
"X2294",-0.42747659063224
"X2295",-0.429729444990819
"X2296",-0.431807655124056
"X2297",-0.433449226503764
"X2298",-0.435224751519951
"X2299",-0.437536836873507
"X2300",-0.439480806154162
"X2301",-0.440808165486368
"X2302",-0.441851834885592
"X2303",-0.442435957595568
"X2304",-0.442282980016401
"X2305",-0.442172160891012
"X2306",-0.441974932139824
"X2307",-0.441245481906995
"X2308",-0.440327243843695
"X2309",-0.438388817913661
"X2310",-0.435690768159406
"X2311",-0.432729399769132
"X2312",-0.428793508696704
"X2313",-0.424999027728976
"X2314",-0.421225571000216
"X2315",-0.416726188607686
"X2316",-0.411636440497474
"X2317",-0.406344995900246
"X2318",-0.400185661402046
"X2319",-0.394657117293771
"X2320",-0.388658856428254
"X2321",-0.383843757305203
"X2322",-0.379672386256393
"X2323",-0.375987383557612
"X2324",-0.37334190485873
"X2325",-0.370625954730689
"X2326",-0.367869327530642
"X2327",-0.366146414247492
"X2328",-0.365671014575975
"X2329",-0.364457465923702
"X2330",-0.363884837398673
"X2331",-0.362808144138741
"X2332",-0.360487585592211
"X2333",-0.359216902308938
"X2334",-0.358906244493904
"X2335",-0.357899380315077
"X2336",-0.35707716274669
"X2337",-0.355973349547989
"X2338",-0.353795041396596
"X2339",-0.352545436186167
"X2340",-0.351534808083996
"X2341",-0.351043658495712
"X2342",-0.351331418311681
"X2343",-0.351704223359564
"X2344",-0.353383100243116
"X2345",-0.353700502327218
"X2346",-0.353343483660238
"X2347",-0.352930070897991
"X2348",-0.351465316424782
"X2349",-0.350119158899167
"X2350",-0.34879227598531
"X2351",-0.347604047743879
"X2352",-0.346696653023527
"X2353",-0.345125827046331
"X2354",-0.34313686734776
"X2355",-0.341723881546272
"X2356",-0.338281275294921
"X2357",-0.334541201973474
"X2358",-0.33174355485008
"X2359",-0.328687672234463
"X2360",-0.326916412829083
"X2361",-0.324916870195072
"X2362",-0.323265761845767
"X2363",-0.321647691162428
"X2364",-0.320485074049583
"X2365",-0.320003528278258
"X2366",-0.318853882531861
"X2367",-0.317664598185818
"X2368",-0.316441178858094
"X2369",-0.314928099485069
"X2370",-0.313355008648666
"X2371",-0.312040992762329
"X2372",-0.309882954531
"X2373",-0.307167090388442
"X2374",-0.304413008721859
"X2375",-0.30102557638703
"X2376",-0.29829232080254
"X2377",-0.295475523059631
"X2378",-0.293534303657632
"X2379",-0.292347581887442
"X2380",-0.290678087790547
"X2381",-0.289251387943706
"X2382",-0.287603301364626
"X2383",-0.285757929383257
"X2384",-0.284054348470175
"X2385",-0.282598322401556
"X2386",-0.281052215127569
"X2387",-0.279828821306532
"X2388",-0.277225829596024
"X2389",-0.273817046024999
"X2390",-0.270722924933024
"X2391",-0.266249701859461
"X2392",-0.26354989866427
"X2393",-0.262409458963093
"X2394",-0.26015114235968
"X2395",-0.258536251033313
"X2396",-0.254955821102289
"X2397",-0.249306750073072
"X2398",-0.245757901307214
"X2399",-0.241538144222192
"X2400",-0.239234797043295
"X2401",-0.240192456685382
"X2402",-0.237522127558481
"X2403",-0.234064709966383
"X2404",-0.23007662095761
"X2405",-0.223460245305355
"X2406",-0.219120663345397
"X2407",-0.215513713339542
"X2408",-0.212276671810224
"X2409",-0.210315509029444
"X2410",-0.206529746000469
"X2411",-0.202671099774189
"X2412",-0.197910231217294
"X2413",-0.190698652440716
"X2414",-0.186432139183969
"X2415",-0.183524394215992
"X2416",-0.179649183516128
"X2417",-0.177220106411888
"X2418",-0.172969589934365
"X2419",-0.166652594126244
"X2420",-0.162675501940121
"X2421",-0.158799666170809
"X2422",-0.156386342033648
"X2423",-0.153296866134892
"X2424",-0.147898298045433
"X2425",-0.1441074533861
"X2426",-0.140133691929799
"X2427",-0.135195730061817
"X2428",-0.130894520276712
"X2429",-0.126550880358418
"X2430",-0.122866477153293
"X2431",-0.120385545561659
"X2432",-0.118225106681935
"X2433",-0.113503512191924
"X2434",-0.10603896506356
"X2435",-0.101295032291219
"X2436",-0.0991290189731544
"X2437",-0.0962956410923457
"X2438",-0.0951626542669506
"X2439",-0.0910108220732516
"X2440",-0.0852802520717945
"X2441",-0.0835973306891352
"X2442",-0.0819158236809827
"X2443",-0.0785413371049392
"X2444",-0.0747874181413206
"X2445",-0.0705000978832413
"X2446",-0.0661076773044216
"X2447",-0.0641615926027444
"X2448",-0.060269996437435
"X2449",-0.0541797059509305
"X2450",-0.0495072209323037
"X2451",-0.046510278629414
"X2452",-0.0461197749722833
"X2453",-0.0416239087593798
"X2454",-0.0369211155865537
"X2455",-0.0320481961326884
"X2456",-0.0230665018704916
"X2457",-0.0221287710308271
"X2458",-0.0216812734479784
"X2459",-0.0156161702081828
"X2460",-0.0106763089512622
"X2461",-0.00759274867493634
"X2462",-0.00576767505113814
"X2463",-0.00311353144083029
"X2464",-0.00658027213498665
"X2465",-0.00694198323968417
"X2466",-0.000283829692354857
"X2467",0.000610915780529314
"X2468",0.0040124567354613
"X2469",0.00688842750145898
"X2470",0.00539358618444747
"X2471",0.00157996825163738
"X2472",-0.00201434189511787
"X2473",0.00150242264710328
"X2474",0.00487928696671179
"X2475",0.0140182699962521
"X2476",0.0234893590854469
"X2477",0.0284003518968343
"X2478",0.0353426294833137
"X2479",0.0373338565973786
"X2480",0.0443354425378987
"X2481",0.0491166128135403
"X2482",0.0499042832026649
"X2483",0.0557341571476261
"X2484",0.0526465606839818
"X2485",0.0517875122763939
"X2486",0.0449649819896013
"X2487",0.042565756284093
"X2488",0.0470836745668962
"X2489",0.0403223200607822
"X2490",0.0396399817270443
"X2491",0.0451720426029515
"X2492",0.0496577490515415
"X2493",0.0567045577626161
"X2494",0.0591285546524882
"X2495",0.0538914793914513
"X2496",0.0442635391973456
"X2497",0.0528405518071846
"X2498",0.0748368110165767
"X2499",0.0899209440376143
"X2500",0.096608460727896
